Tarih,Gunluk_Kp_Toplami,F10_Gunes_Akisi
2021-01-01,43.0,80.4
2021-01-02,7.0,81.5
2021-01-03,10.0,80.4
2021-01-04,27.0,77.6
2021-01-05,157.0,75.1
2021-01-06,180.0,74.1
2021-01-07,90.0,74.6
2021-01-08,20.0,75.2
2021-01-09,27.0,74.2
2021-01-10,47.0,73.1
2021-01-11,180.0,73.2
2021-01-12,150.0,72.8
2021-01-13,60.0,73.2
2021-01-14,13.0,73.6
2021-01-15,40.0,73.4
2021-01-16,57.0,77.7
2021-01-17,23.0,77.2
2021-01-18,60.0,75.3
2021-01-19,103.0,78.1
2021-01-20,107.0,77.2
2021-01-21,20.0,77.6
2021-01-22,40.0,78.2
2021-01-23,67.0,77.9
2021-01-24,100.0,77.6
2021-01-25,220.0,77.1
2021-01-26,183.0,75.7
2021-01-27,183.0,76.3
2021-01-28,47.0,75.6
2021-01-29,40.0,75.5
2021-01-30,20.0,73.7
2021-01-31,13.0,73.4
2021-02-01,100.0,73.0
2021-02-02,227.0,72.3
2021-02-03,197.0,73.3
2021-02-04,133.0,73.3
2021-02-05,103.0,73.1
2021-02-06,110.0,73.0
2021-02-07,240.0,72.8
2021-02-08,110.0,73.3
2021-02-09,67.0,72.9
2021-02-10,37.0,72.9
2021-02-11,30.0,72.4
2021-02-12,90.0,73.5
2021-02-13,197.0,71.3
2021-02-14,73.0,71.4
2021-02-15,80.0,69.6
2021-02-16,190.0,70.7
2021-02-17,147.0,71.6
2021-02-18,77.0,72.2
2021-02-19,217.0,71.6
2021-02-20,280.0,73.3
2021-02-21,267.0,72.5
2021-02-22,253.0,74.8
2021-02-23,200.0,75.8
2021-02-24,263.0,79.2
2021-02-25,217.0,78.7
2021-02-26,180.0,79.6
2021-02-27,73.0,77.9
2021-02-28,97.0,77.2
2021-03-01,270.0,74.1
2021-03-02,250.0,75.6
2021-03-03,257.0,75.7
2021-03-04,160.0,75.4
2021-03-05,100.0,75.1
2021-03-06,227.0,75.6
2021-03-07,143.0,77.5
2021-03-08,87.0,79.9
2021-03-09,47.0,76.5
2021-03-10,23.0,76.3
2021-03-11,57.0,75.6
2021-03-12,203.0,75.6
2021-03-13,240.0,75.9
2021-03-14,287.0,75.1
2021-03-15,133.0,73.9
2021-03-16,40.0,73.7
2021-03-17,83.0,72.8
2021-03-18,90.0,73.2
2021-03-19,103.0,73.1
2021-03-20,300.0,74.7
2021-03-21,270.0,75.2
2021-03-22,137.0,76.6
2021-03-23,187.0,76.9
2021-03-24,170.0,75.8
2021-03-25,217.0,75.2
2021-03-26,177.0,75.1
2021-03-27,93.0,75.1
2021-03-28,87.0,73.9
2021-03-29,53.0,73.4
2021-03-30,57.0,74.6
2021-03-31,170.0,72.5
2021-04-01,137.0,77.9
2021-04-02,97.0,71.4
2021-04-03,70.0,72.2
2021-04-04,47.0,72.0
2021-04-05,73.0,71.7
2021-04-06,30.0,71.2
2021-04-07,227.0,70.5
2021-04-08,70.0,70.3
2021-04-09,47.0,70.5
2021-04-10,73.0,70.5
2021-04-11,117.0,71.9
2021-04-12,87.0,74.2
2021-04-13,97.0,73.2
2021-04-14,110.0,73.9
2021-04-15,183.0,75.5
2021-04-16,250.0,74.6
2021-04-17,320.0,75.3
2021-04-18,253.0,75.8
2021-04-19,257.0,80.4
2021-04-20,210.0,82.9
2021-04-21,123.0,76.9
2021-04-22,90.0,77.8
2021-04-23,203.0,75.3
2021-04-24,153.0,76.8
2021-04-25,240.0,77.7
2021-04-26,170.0,78.2
2021-04-27,110.0,78.4
2021-04-28,33.0,76.8
2021-04-29,83.0,76.9
2021-04-30,93.0,72.9
2021-05-01,93.0,71.6
2021-05-02,157.0,72.0
2021-05-03,97.0,71.6
2021-05-04,63.0,70.6
2021-05-05,20.0,69.5
2021-05-06,53.0,70.8
2021-05-07,43.0,74.5
2021-05-08,50.0,75.9
2021-05-09,47.0,76.2
2021-05-10,130.0,76.5
2021-05-11,43.0,76.1
2021-05-12,290.0,74.7
2021-05-13,130.0,74.7
2021-05-14,63.0,70.9
2021-05-15,127.0,73.3
2021-05-16,70.0,73.2
2021-05-17,110.0,74.8
2021-05-18,150.0,76.4
2021-05-19,97.0,75.9
2021-05-20,280.0,72.3
2021-05-21,113.0,73.7
2021-05-22,87.0,75.6
2021-05-23,60.0,79.0
2021-05-24,33.0,72.7
2021-05-25,43.0,83.5
2021-05-26,170.0,88.0
2021-05-27,217.0,83.3
2021-05-28,27.0,77.4
2021-05-29,103.0,76.0
2021-05-30,97.0,74.4
2021-05-31,33.0,81.7
2021-06-01,13.0,75.2
2021-06-02,83.0,76.3
2021-06-03,107.0,75.5
2021-06-04,80.0,77.1
2021-06-05,67.0,74.4
2021-06-06,67.0,77.4
2021-06-07,190.0,80.8
2021-06-08,93.0,79.9
2021-06-09,53.0,78.6
2021-06-10,80.0,73.3
2021-06-11,163.0,77.3
2021-06-12,170.0,77.6
2021-06-13,83.0,68.9
2021-06-14,67.0,76.8
2021-06-15,220.0,75.5
2021-06-16,217.0,80.3
2021-06-17,110.0,85.0
2021-06-18,130.0,77.0
2021-06-19,60.0,77.1
2021-06-20,67.0,76.4
2021-06-21,60.0,79.1
2021-06-22,113.0,80.8
2021-06-23,60.0,79.7
2021-06-24,83.0,80.6
2021-06-25,107.0,83.4
2021-06-26,57.0,82.4
2021-06-27,53.0,87.0
2021-06-28,50.0,88.6
2021-06-29,90.0,92.5
2021-06-30,200.0,94.1
2021-07-01,93.0,94.1
2021-07-02,90.0,94.9
2021-07-03,67.0,93.7
2021-07-04,43.0,91.1
2021-07-05,143.0,89.4
2021-07-06,130.0,83.2
2021-07-07,100.0,76.0
2021-07-08,70.0,73.4
2021-07-09,80.0,73.8
2021-07-10,110.0,74.0
2021-07-11,57.0,73.6
2021-07-12,123.0,71.6
2021-07-13,80.0,72.0
2021-07-14,190.0,72.1
2021-07-15,173.0,73.5
2021-07-16,67.0,75.0
2021-07-17,63.0,77.4
2021-07-18,67.0,80.4
2021-07-19,140.0,82.6
2021-07-20,180.0,87.0
2021-07-21,113.0,93.5
2021-07-22,143.0,89.0
2021-07-23,47.0,87.4
2021-07-24,53.0,83.9
2021-07-25,37.0,81.6
2021-07-26,57.0,80.8
2021-07-27,80.0,79.6
2021-07-28,210.0,78.8
2021-07-29,153.0,75.8
2021-07-30,123.0,75.5
2021-07-31,117.0,75.9
2021-08-01,60.0,74.9
2021-08-02,187.0,74.6
2021-08-03,157.0,75.9
2021-08-04,83.0,70.8
2021-08-05,23.0,74.3
2021-08-06,130.0,74.4
2021-08-07,190.0,73.7
2021-08-08,80.0,73.5
2021-08-09,70.0,73.0
2021-08-10,127.0,73.3
2021-08-11,97.0,73.8
2021-08-12,67.0,73.6
2021-08-13,97.0,72.9
2021-08-14,57.0,72.6
2021-08-15,163.0,74.6
2021-08-16,140.0,74.4
2021-08-17,93.0,73.1
2021-08-18,110.0,75.3
2021-08-19,70.0,74.9
2021-08-20,113.0,77.7
2021-08-21,60.0,77.1
2021-08-22,37.0,77.1
2021-08-23,30.0,78.1
2021-08-24,77.0,80.9
2021-08-25,143.0,83.6
2021-08-26,100.0,88.6
2021-08-27,260.0,89.5
2021-08-28,193.0,89.9
2021-08-29,137.0,88.7
2021-08-30,133.0,90.6
2021-08-31,117.0,84.4
2021-09-01,90.0,84.2
2021-09-02,63.0,85.8
2021-09-03,137.0,83.8
2021-09-04,90.0,86.5
2021-09-05,117.0,93.3
2021-09-06,117.0,99.5
2021-09-07,143.0,101.2
2021-09-08,213.0,100.4
2021-09-09,83.0,99.7
2021-09-10,137.0,96.3
2021-09-11,120.0,91.8
2021-09-12,113.0,87.7
2021-09-13,153.0,83.3
2021-09-14,110.0,78.1
2021-09-15,103.0,75.2
2021-09-16,53.0,73.2
2021-09-17,260.0,73.4
2021-09-18,143.0,73.7
2021-09-19,27.0,75.0
2021-09-20,47.0,80.0
2021-09-21,117.0,84.9
2021-09-22,183.0,88.5
2021-09-23,157.0,89.7
2021-09-24,133.0,88.4
2021-09-25,123.0,88.4
2021-09-26,17.0,86.3
2021-09-27,127.0,85.3
2021-09-28,177.0,88.9
2021-09-29,83.0,101.6
2021-09-30,120.0,94.6
2021-10-01,197.0,90.5
2021-10-02,110.0,87.0
2021-10-03,107.0,86.0
2021-10-04,83.0,83.5
2021-10-05,80.0,81.7
2021-10-06,157.0,84.8
2021-10-07,50.0,85.7
2021-10-08,60.0,92.4
2021-10-09,80.0,81.0
2021-10-10,163.0,84.5
2021-10-11,223.0,88.5
2021-10-12,377.0,83.5
2021-10-13,83.0,83.5
2021-10-14,140.0,84.0
2021-10-15,87.0,81.7
2021-10-16,97.0,80.4
2021-10-17,167.0,77.6
2021-10-18,167.0,76.8
2021-10-19,193.0,78.8
2021-10-20,110.0,77.9
2021-10-21,110.0,82.4
2021-10-22,53.0,85.7
2021-10-23,43.0,90.1
2021-10-24,67.0,93.8
2021-10-25,80.0,101.8
2021-10-26,83.0,110.8
2021-10-27,33.0,112.2
2021-10-28,17.0,112.7
2021-10-29,23.0,108.0
2021-10-30,153.0,110.4
2021-10-31,213.0,101.7
2021-11-01,150.0,97.6
2021-11-02,247.0,96.0
2021-11-03,177.0,92.4
2021-11-04,397.0,92.4
2021-11-05,187.0,91.2
2021-11-06,247.0,87.0
2021-11-07,67.0,89.9
2021-11-08,80.0,90.8
2021-11-09,117.0,91.4
2021-11-10,113.0,96.9
2021-11-11,67.0,84.2
2021-11-12,43.0,84.1
2021-11-13,20.0,83.6
2021-11-14,47.0,79.1
2021-11-15,113.0,80.9
2021-11-16,203.0,80.8
2021-11-17,203.0,80.4
2021-11-18,93.0,78.9
2021-11-19,90.0,78.9
2021-11-20,173.0,81.6
2021-11-21,213.0,79.8
2021-11-22,150.0,79.5
2021-11-23,170.0,80.9
2021-11-24,83.0,86.6
2021-11-25,83.0,84.9
2021-11-26,40.0,93.6
2021-11-27,60.0,92.4
2021-11-28,157.0,93.5
2021-11-29,127.0,92.4
2021-11-30,100.0,90.0
2021-12-01,257.0,86.4
2021-12-02,173.0,86.6
2021-12-03,143.0,85.3
2021-12-04,127.0,88.1
2021-12-05,140.0,82.7
2021-12-06,133.0,80.0
2021-12-07,67.0,78.9
2021-12-08,70.0,76.9
2021-12-09,23.0,76.7
2021-12-10,47.0,75.7
2021-12-11,70.0,76.2
2021-12-12,50.0,79.9
2021-12-13,73.0,80.6
2021-12-14,87.0,88.9
2021-12-15,167.0,102.5
2021-12-16,150.0,117.9
2021-12-17,47.0,120.9
2021-12-18,53.0,121.3
2021-12-19,157.0,115.3
2021-12-20,223.0,122.7
2021-12-21,160.0,136.6
2021-12-22,187.0,140.4
2021-12-23,67.0,129.8
2021-12-24,93.0,126.2
2021-12-25,130.0,130.7
2021-12-26,50.0,125.4
2021-12-27,170.0,123.9
2021-12-28,143.0,120.5
2021-12-29,117.0,111.4
2021-12-30,147.0,102.4
2021-12-31,67.0,101.5
2022-01-01,193.0,93.9
2022-01-02,163.0,89.0
2022-01-03,193.0,84.0
2022-01-04,87.0,85.5
2022-01-05,50.0,83.7
2022-01-06,3.0,93.7
2022-01-07,0.0,107.3
2022-01-08,137.0,102.4
2022-01-09,160.0,102.1
2022-01-10,120.0,102.2
2022-01-11,77.0,100.0
2022-01-12,53.0,103.2
2022-01-13,40.0,105.5
2022-01-14,157.0,110.2
2022-01-15,263.0,115.6
2022-01-16,243.0,119.4
2022-01-17,167.0,113.5
2022-01-18,243.0,114.5
2022-01-19,267.0,105.3
2022-01-20,63.0,99.3
2022-01-21,130.0,97.3
2022-01-22,177.0,95.2
2022-01-23,127.0,93.5
2022-01-24,63.0,95.2
2022-01-25,227.0,100.9
2022-01-26,187.0,101.8
2022-01-27,120.0,107.1
2022-01-28,130.0,113.4
2022-01-29,200.0,125.3
2022-01-30,190.0,129.6
2022-01-31,173.0,129.5
2022-02-01,103.0,128.6
2022-02-02,160.0,128.2
2022-02-03,293.0,126.5
2022-02-04,337.0,129.6
2022-02-05,200.0,125.9
2022-02-06,223.0,123.6
2022-02-07,130.0,127.2
2022-02-08,83.0,123.1
2022-02-09,30.0,125.9
2022-02-10,260.0,118.0
2022-02-11,253.0,113.1
2022-02-12,220.0,110.5
2022-02-13,233.0,105.4
2022-02-14,137.0,106.5
2022-02-15,73.0,114.3
2022-02-16,167.0,102.9
2022-02-17,90.0,96.7
2022-02-18,107.0,93.3
2022-02-19,160.0,95.7
2022-02-20,193.0,93.3
2022-02-21,180.0,97.8
2022-02-22,213.0,95.3
2022-02-23,127.0,95.5
2022-02-24,100.0,92.3
2022-02-25,143.0,96.2
2022-02-26,10.0,96.5
2022-02-27,187.0,96.9
2022-02-28,143.0,99.0
2022-03-01,163.0,99.3
2022-03-02,63.0,109.5
2022-03-03,83.0,110.9
2022-03-04,187.0,113.1
2022-03-05,290.0,120.1
2022-03-06,237.0,115.7
2022-03-07,153.0,118.3
2022-03-08,100.0,115.3
2022-03-09,87.0,114.8
2022-03-10,147.0,127.1
2022-03-11,270.0,126.5
2022-03-12,160.0,124.7
2022-03-13,293.0,122.9
2022-03-14,170.0,114.9
2022-03-15,113.0,110.4
2022-03-16,110.0,106.6
2022-03-17,97.0,102.8
2022-03-18,43.0,97.8
2022-03-19,90.0,94.4
2022-03-20,143.0,94.9
2022-03-21,57.0,97.7
2022-03-22,153.0,105.9
2022-03-23,120.0,105.6
2022-03-24,180.0,111.6
2022-03-25,150.0,112.4
2022-03-26,117.0,118.7
2022-03-27,230.0,130.3
2022-03-28,133.0,156.0
2022-03-29,150.0,149.2
2022-03-30,107.0,151.3
2022-03-31,303.0,239.5
2022-04-01,233.0,146.6
2022-04-02,260.0,143.3
2022-04-03,143.0,140.2
2022-04-04,183.0,128.0
2022-04-05,120.0,122.4
2022-04-06,113.0,117.0
2022-04-07,193.0,111.1
2022-04-08,140.0,108.9
2022-04-09,240.0,107.1
2022-04-10,270.0,101.1
2022-04-11,183.0,98.7
2022-04-12,177.0,96.2
2022-04-13,137.0,98.7
2022-04-14,357.0,103.4
2022-04-15,283.0,110.3
2022-04-16,143.0,122.4
2022-04-17,187.0,134.9
2022-04-18,163.0,140.5
2022-04-19,120.0,160.1
2022-04-20,147.0,165.5
2022-04-21,173.0,164.4
2022-04-22,127.0,162.5
2022-04-23,197.0,159.8
2022-04-24,97.0,158.5
2022-04-25,73.0,156.6
2022-04-26,37.0,148.9
2022-04-27,213.0,141.5
2022-04-28,227.0,132.2
2022-04-29,207.0,123.5
2022-04-30,223.0,119.7
2022-05-01,157.0,109.0
2022-05-02,83.0,111.9
2022-05-03,120.0,113.8
2022-05-04,117.0,130.1
2022-05-05,63.0,119.9
2022-05-06,67.0,119.2
2022-05-07,23.0,118.1
2022-05-08,113.0,119.2
2022-05-09,123.0,117.0
2022-05-10,43.0,115.8
2022-05-11,103.0,132.9
2022-05-12,147.0,133.0
2022-05-13,127.0,149.5
2022-05-14,127.0,152.7
2022-05-15,173.0,153.6
2022-05-16,167.0,161.7
2022-05-17,187.0,170.8
2022-05-18,110.0,179.9
2022-05-19,170.0,173.2
2022-05-20,190.0,165.5
2022-05-21,180.0,166.7
2022-05-22,177.0,164.7
2022-05-23,73.0,158.2
2022-05-24,60.0,146.9
2022-05-25,120.0,136.5
2022-05-26,73.0,122.7
2022-05-27,210.0,113.6
2022-05-28,243.0,101.8
2022-05-29,243.0,98.4
2022-05-30,157.0,100.6
2022-05-31,167.0,98.0
2022-06-01,97.0,104.2
2022-06-02,73.0,100.9
2022-06-03,67.0,100.7
2022-06-04,43.0,100.9
2022-06-05,70.0,98.7
2022-06-06,170.0,96.4
2022-06-07,137.0,98.4
2022-06-08,80.0,99.9
2022-06-09,90.0,106.4
2022-06-10,73.0,110.5
2022-06-11,140.0,112.1
2022-06-12,170.0,121.3
2022-06-13,207.0,131.5
2022-06-14,140.0,145.5
2022-06-15,237.0,140.0
2022-06-16,190.0,146.7
2022-06-17,217.0,148.9
2022-06-18,197.0,140.2
2022-06-19,173.0,143.6
2022-06-20,177.0,136.5
2022-06-21,140.0,138.7
2022-06-22,177.0,128.7
2022-06-23,180.0,121.4
2022-06-24,110.0,115.4
2022-06-25,213.0,108.1
2022-06-26,277.0,102.0
2022-06-27,150.0,98.2
2022-06-28,137.0,96.1
2022-06-29,93.0,96.2
2022-06-30,57.0,95.7
2022-07-01,97.0,98.0
2022-07-02,230.0,100.2
2022-07-03,130.0,102.2
2022-07-04,267.0,104.4
2022-07-05,43.0,109.4
2022-07-06,70.0,114.6
2022-07-07,220.0,121.3
2022-07-08,247.0,129.6
2022-07-09,107.0,136.9
2022-07-10,110.0,153.0
2022-07-11,163.0,161.0
2022-07-12,247.0,164.9
2022-07-13,77.0,164.8
2022-07-14,70.0,169.0
2022-07-15,140.0,171.4
2022-07-16,117.0,176.2
2022-07-17,67.0,161.2
2022-07-18,147.0,149.4
2022-07-19,313.0,144.1
2022-07-20,113.0,132.2
2022-07-21,230.0,121.7
2022-07-22,183.0,114.7
2022-07-23,217.0,110.5
2022-07-24,160.0,107.1
2022-07-25,93.0,102.3
2022-07-26,130.0,98.8
2022-07-27,173.0,98.0
2022-07-28,137.0,93.4
2022-07-29,67.0,93.0
2022-07-30,123.0,90.8
2022-07-31,183.0,94.3
2022-08-01,150.0,95.4
2022-08-02,173.0,97.8
2022-08-03,157.0,99.9
2022-08-04,120.0,108.8
2022-08-05,103.0,112.2
2022-08-06,47.0,116.3
2022-08-07,263.0,116.1
2022-08-08,307.0,113.0
2022-08-09,267.0,109.4
2022-08-10,203.0,107.6
2022-08-11,243.0,114.8
2022-08-12,120.0,119.5
2022-08-13,160.0,124.2
2022-08-14,100.0,125.5
2022-08-15,93.0,130.6
2022-08-16,70.0,128.5
2022-08-17,270.0,122.7
2022-08-18,303.0,116.5
2022-08-19,253.0,105.4
2022-08-20,177.0,101.5
2022-08-21,217.0,97.0
2022-08-22,120.0,102.6
2022-08-23,47.0,100.9
2022-08-24,40.0,107.8
2022-08-25,53.0,117.8
2022-08-26,63.0,118.6
2022-08-27,180.0,127.5
2022-08-28,133.0,251.9
2022-08-29,200.0,130.6
2022-08-30,210.0,125.6
2022-08-31,210.0,113.3
2022-09-01,157.0,116.3
2022-09-02,140.0,129.8
2022-09-03,283.0,123.4
2022-09-04,433.0,128.3
2022-09-05,360.0,130.2
2022-09-06,270.0,126.2
2022-09-07,213.0,126.1
2022-09-08,260.0,126.6
2022-09-09,193.0,126.2
2022-09-10,210.0,135.9
2022-09-11,153.0,151.5
2022-09-12,133.0,150.4
2022-09-13,43.0,154.1
2022-09-14,143.0,144.3
2022-09-15,100.0,139.7
2022-09-16,77.0,131.1
2022-09-17,80.0,131.5
2022-09-18,183.0,136.1
2022-09-19,183.0,127.9
2022-09-20,147.0,137.2
2022-09-21,87.0,136.9
2022-09-22,97.0,136.7
2022-09-23,197.0,146.3
2022-09-24,213.0,146.5
2022-09-25,107.0,134.7
2022-09-26,73.0,135.1
2022-09-27,267.0,134.5
2022-09-28,67.0,134.8
2022-09-29,123.0,137.2
2022-09-30,193.0,137.1
2022-10-01,37.0,147.9
2022-10-02,190.0,153.9
2022-10-03,277.0,155.1
2022-10-04,233.0,152.4
2022-10-05,220.0,161.0
2022-10-06,243.0,155.7
2022-10-07,210.0,159.7
2022-10-08,190.0,157.2
2022-10-09,297.0,160.5
2022-10-10,167.0,163.2
2022-10-11,113.0,150.3
2022-10-12,90.0,140.6
2022-10-13,67.0,130.0
2022-10-14,233.0,120.5
2022-10-15,223.0,115.1
2022-10-16,233.0,119.2
2022-10-17,67.0,125.6
2022-10-18,107.0,113.9
2022-10-19,70.0,113.2
2022-10-20,113.0,115.8
2022-10-21,73.0,109.4
2022-10-22,273.0,105.0
2022-10-23,213.0,105.5
2022-10-24,127.0,114.8
2022-10-25,60.0,116.3
2022-10-26,70.0,122.4
2022-10-27,180.0,129.7
2022-10-28,227.0,129.3
2022-10-29,300.0,133.9
2022-10-30,197.0,130.5
2022-10-31,197.0,127.9
2022-11-01,133.0,128.1
2022-11-02,220.0,129.7
2022-11-03,297.0,125.3
2022-11-04,230.0,117.7
2022-11-05,160.0,131.1
2022-11-06,43.0,130.8
2022-11-07,230.0,134.6
2022-11-08,190.0,132.3
2022-11-09,93.0,137.6
2022-11-10,3.0,138.7
2022-11-11,143.0,137.6
2022-11-12,87.0,138.2
2022-11-13,133.0,137.0
2022-11-14,60.0,141.5
2022-11-15,33.0,134.2
2022-11-16,37.0,132.9
2022-11-17,20.0,119.2
2022-11-18,113.0,116.0
2022-11-19,77.0,115.1
2022-11-20,97.0,119.1
2022-11-21,163.0,117.0
2022-11-22,37.0,115.7
2022-11-23,33.0,113.3
2022-11-24,107.0,109.7
2022-11-25,260.0,108.5
2022-11-26,237.0,107.1
2022-11-27,220.0,107.2
2022-11-28,257.0,107.0
2022-11-29,270.0,107.9
2022-11-30,287.0,111.0
2022-12-01,300.0,118.7
2022-12-02,240.0,124.0
2022-12-03,183.0,133.8
2022-12-04,223.0,143.7
2022-12-05,127.0,149.8
2022-12-06,60.0,144.2
2022-12-07,203.0,148.0
2022-12-08,157.0,143.0
2022-12-09,177.0,149.1
2022-12-10,153.0,141.7
2022-12-11,170.0,147.7
2022-12-12,103.0,150.8
2022-12-13,50.0,153.0
2022-12-14,80.0,164.7
2022-12-15,107.0,165.9
2022-12-16,80.0,163.1
2022-12-17,37.0,154.6
2022-12-18,63.0,155.6
2022-12-19,167.0,152.4
2022-12-20,93.0,146.4
2022-12-21,163.0,138.7
2022-12-22,167.0,131.3
2022-12-23,270.0,127.7
2022-12-24,287.0,133.3
2022-12-25,160.0,144.0
2022-12-26,253.0,150.5
2022-12-27,293.0,159.0
2022-12-28,90.0,160.4
2022-12-29,160.0,162.8
2022-12-30,323.0,178.3
2022-12-31,233.0,164.9
2023-01-01,220.0,152.6
2023-01-02,143.0,146.4
2023-01-03,107.0,148.5
2023-01-04,240.0,151.0
2023-01-05,143.0,154.3
2023-01-06,63.0,172.4
2023-01-07,103.0,178.9
2023-01-08,140.0,182.5
2023-01-09,90.0,190.9
2023-01-10,113.0,193.0
2023-01-11,153.0,195.1
2023-01-12,173.0,211.6
2023-01-13,197.0,208.5
2023-01-14,163.0,227.8
2023-01-15,320.0,234.3
2023-01-16,207.0,228.1
2023-01-17,90.0,221.7
2023-01-18,213.0,220.3
2023-01-19,110.0,226.1
2023-01-20,103.0,217.5
2023-01-21,233.0,208.7
2023-01-22,170.0,198.6
2023-01-23,123.0,189.1
2023-01-24,67.0,180.2
2023-01-25,107.0,171.8
2023-01-26,177.0,150.6
2023-01-27,150.0,144.9
2023-01-28,177.0,137.6
2023-01-29,87.0,137.0
2023-01-30,80.0,135.9
2023-01-31,150.0,137.0
2023-02-01,97.0,133.5
2023-02-02,73.0,134.9
2023-02-03,133.0,134.5
2023-02-04,90.0,139.0
2023-02-05,90.0,144.0
2023-02-06,247.0,156.7
2023-02-07,263.0,184.7
2023-02-08,257.0,197.6
2023-02-09,260.0,214.9
2023-02-10,237.0,207.8
2023-02-11,153.0,209.5
2023-02-12,150.0,199.7
2023-02-13,73.0,189.2
2023-02-14,120.0,179.7
2023-02-15,310.0,173.7
2023-02-16,263.0,163.2
2023-02-17,110.0,343.1
2023-02-18,120.0,167.2
2023-02-19,117.0,169.0
2023-02-20,137.0,159.8
2023-02-21,213.0,160.9
2023-02-22,130.0,151.9
2023-02-23,273.0,148.2
2023-02-24,93.0,164.1
2023-02-25,163.0,279.3
2023-02-26,273.0,159.0
2023-02-27,497.0,161.2
2023-02-28,277.0,160.9
2023-03-01,140.0,162.0
2023-03-02,153.0,168.8
2023-03-03,273.0,190.9
2023-03-04,247.0,181.6
2023-03-05,283.0,179.8
2023-03-06,233.0,188.0
2023-03-07,157.0,180.3
2023-03-08,137.0,181.9
2023-03-09,227.0,178.8
2023-03-10,160.0,171.2
2023-03-11,117.0,157.4
2023-03-12,127.0,150.0
2023-03-13,40.0,143.3
2023-03-14,263.0,138.5
2023-03-15,300.0,135.7
2023-03-16,90.0,135.4
2023-03-17,110.0,134.2
2023-03-18,163.0,140.3
2023-03-19,167.0,142.7
2023-03-20,170.0,156.1
2023-03-21,137.0,151.6
2023-03-22,227.0,158.9
2023-03-23,347.0,151.0
2023-03-24,407.0,157.5
2023-03-25,223.0,160.3
2023-03-26,137.0,159.4
2023-03-27,43.0,158.2
2023-03-28,70.0,158.7
2023-03-29,100.0,147.8
2023-03-30,247.0,140.3
2023-03-31,267.0,129.3
2023-04-01,213.0,125.3
2023-04-02,217.0,126.9
2023-04-03,200.0,133.6
2023-04-04,210.0,135.7
2023-04-05,197.0,136.6
2023-04-06,140.0,137.1
2023-04-07,150.0,136.3
2023-04-08,100.0,135.9
2023-04-09,113.0,140.3
2023-04-10,203.0,139.8
2023-04-11,87.0,143.4
2023-04-12,50.0,154.0
2023-04-13,110.0,159.5
2023-04-14,117.0,171.3
2023-04-15,147.0,175.8
2023-04-16,73.0,177.8
2023-04-17,93.0,166.6
2023-04-18,167.0,153.2
2023-04-19,157.0,147.0
2023-04-20,87.0,147.0
2023-04-21,163.0,151.2
2023-04-22,120.0,141.2
2023-04-23,343.0,135.2
2023-04-24,393.0,133.9
2023-04-25,140.0,130.7
2023-04-26,230.0,136.5
2023-04-27,280.0,140.8
2023-04-28,263.0,149.8
2023-04-29,273.0,155.8
2023-04-30,157.0,153.5
2023-05-01,170.0,147.9
2023-05-02,147.0,156.8
2023-05-03,53.0,156.2
2023-05-04,110.0,162.0
2023-05-05,57.0,161.9
2023-05-06,303.0,151.8
2023-05-07,170.0,157.2
2023-05-08,213.0,171.9
2023-05-09,190.0,194.7
2023-05-10,283.0,170.1
2023-05-11,163.0,163.4
2023-05-12,243.0,149.1
2023-05-13,183.0,143.8
2023-05-14,143.0,139.7
2023-05-15,87.0,134.5
2023-05-16,137.0,134.3
2023-05-17,50.0,137.9
2023-05-18,23.0,150.6
2023-05-19,113.0,164.6
2023-05-20,323.0,169.6
2023-05-21,257.0,163.4
2023-05-22,270.0,161.5
2023-05-23,190.0,154.9
2023-05-24,183.0,164.1
2023-05-25,193.0,152.1
2023-05-26,107.0,149.0
2023-05-27,67.0,156.9
2023-05-28,173.0,151.3
2023-05-29,60.0,154.4
2023-05-30,77.0,162.0
2023-05-31,180.0,161.4
2023-06-01,213.0,163.9
2023-06-02,93.0,162.3
2023-06-03,60.0,164.6
2023-06-04,160.0,168.3
2023-06-05,77.0,169.2
2023-06-06,107.0,171.8
2023-06-07,60.0,167.2
2023-06-08,93.0,168.5
2023-06-09,57.0,164.3
2023-06-10,73.0,161.2
2023-06-11,167.0,153.8
2023-06-12,120.0,146.1
2023-06-13,103.0,146.3
2023-06-14,60.0,143.5
2023-06-15,257.0,153.1
2023-06-16,320.0,157.2
2023-06-17,160.0,158.1
2023-06-18,170.0,164.1
2023-06-19,190.0,168.8
2023-06-20,160.0,180.1
2023-06-21,117.0,176.4
2023-06-22,170.0,173.2
2023-06-23,170.0,169.7
2023-06-24,233.0,160.8
2023-06-25,217.0,154.8
2023-06-26,193.0,157.7
2023-06-27,160.0,151.2
2023-06-28,153.0,154.9
2023-06-29,243.0,162.2
2023-06-30,123.0,158.6
2023-07-01,90.0,165.5
2023-07-02,80.0,170.2
2023-07-03,77.0,173.2
2023-07-04,63.0,167.2
2023-07-05,107.0,154.6
2023-07-06,187.0,157.6
2023-07-07,257.0,161.4
2023-07-08,103.0,160.5
2023-07-09,57.0,179.2
2023-07-10,77.0,190.6
2023-07-11,137.0,213.5
2023-07-12,123.0,193.3
2023-07-13,130.0,202.9
2023-07-14,267.0,180.6
2023-07-15,127.0,178.5
2023-07-16,107.0,184.3
2023-07-17,263.0,180.0
2023-07-18,207.0,218.5
2023-07-19,77.0,188.9
2023-07-20,143.0,184.3
2023-07-21,183.0,172.8
2023-07-22,147.0,174.4
2023-07-23,117.0,172.5
2023-07-24,120.0,165.1
2023-07-25,143.0,169.0
2023-07-26,263.0,167.4
2023-07-27,127.0,165.3
2023-07-28,100.0,168.2
2023-07-29,157.0,178.6
2023-07-30,153.0,174.4
2023-07-31,113.0,177.1
2023-08-01,157.0,174.7
2023-08-02,187.0,172.9
2023-08-03,100.0,162.9
2023-08-04,180.0,170.8
2023-08-05,277.0,175.8
2023-08-06,27.0,173.5
2023-08-07,163.0,169.7
2023-08-08,120.0,158.9
2023-08-09,127.0,153.4
2023-08-10,130.0,155.7
2023-08-11,67.0,152.8
2023-08-12,133.0,148.3
2023-08-13,80.0,150.4
2023-08-14,77.0,154.0
2023-08-15,50.0,158.1
2023-08-16,127.0,160.1
2023-08-17,120.0,151.9
2023-08-18,190.0,150.6
2023-08-19,137.0,150.6
2023-08-20,157.0,146.3
2023-08-21,160.0,148.7
2023-08-22,123.0,150.9
2023-08-23,53.0,147.0
2023-08-24,123.0,144.1
2023-08-25,70.0,138.9
2023-08-26,130.0,139.3
2023-08-27,173.0,141.5
2023-08-28,123.0,141.7
2023-08-29,77.0,142.2
2023-08-30,100.0,138.6
2023-08-31,113.0,139.9
2023-09-01,210.0,135.8
2023-09-02,360.0,131.2
2023-09-03,273.0,130.5
2023-09-04,123.0,136.0
2023-09-05,137.0,142.9
2023-09-06,117.0,147.1
2023-09-07,107.0,160.8
2023-09-08,100.0,160.9
2023-09-09,140.0,161.4
2023-09-10,43.0,163.9
2023-09-11,110.0,176.4
2023-09-12,230.0,153.5
2023-09-13,233.0,142.6
2023-09-14,233.0,145.2
2023-09-15,127.0,139.1
2023-09-16,103.0,140.4
2023-09-17,233.0,144.6
2023-09-18,320.0,154.5
2023-09-19,373.0,166.1
2023-09-20,233.0,155.5
2023-09-21,173.0,168.1
2023-09-22,163.0,175.7
2023-09-23,167.0,173.0
2023-09-24,203.0,173.7
2023-09-25,277.0,170.2
2023-09-26,313.0,164.9
2023-09-27,217.0,156.0
2023-09-28,87.0,147.8
2023-09-29,177.0,155.0
2023-09-30,170.0,159.1
2023-10-01,147.0,161.1
2023-10-02,147.0,157.4
2023-10-03,133.0,153.7
2023-10-04,183.0,155.0
2023-10-05,193.0,156.1
2023-10-06,140.0,155.3
2023-10-07,77.0,157.2
2023-10-08,127.0,157.1
2023-10-09,150.0,165.5
2023-10-10,57.0,164.4
2023-10-11,47.0,158.0
2023-10-12,37.0,157.1
2023-10-13,207.0,149.0
2023-10-14,113.0,148.2
2023-10-15,47.0,144.6
2023-10-16,40.0,144.0
2023-10-17,20.0,137.3
2023-10-18,160.0,135.3
2023-10-19,157.0,128.7
2023-10-20,137.0,125.7
2023-10-21,247.0,122.6
2023-10-22,143.0,118.8
2023-10-23,20.0,122.1
2023-10-24,50.0,121.1
2023-10-25,53.0,125.8
2023-10-26,270.0,126.4
2023-10-27,177.0,127.5
2023-10-28,240.0,128.0
2023-10-29,313.0,135.2
2023-10-30,193.0,139.7
2023-10-31,150.0,147.3
2023-11-01,157.0,158.6
2023-11-02,120.0,158.4
2023-11-03,43.0,156.1
2023-11-04,157.0,155.3
2023-11-05,370.0,154.8
2023-11-06,347.0,146.2
2023-11-07,250.0,145.1
2023-11-08,230.0,145.7
2023-11-09,193.0,138.7
2023-11-10,157.0,143.9
2023-11-11,77.0,141.5
2023-11-12,150.0,137.2
2023-11-13,193.0,132.7
2023-11-14,107.0,123.8
2023-11-15,210.0,118.9
2023-11-16,127.0,117.9
2023-11-17,47.0,119.6
2023-11-18,23.0,127.1
2023-11-19,53.0,140.1
2023-11-20,90.0,156.5
2023-11-21,250.0,171.5
2023-11-22,320.0,189.5
2023-11-23,110.0,194.2
2023-11-24,153.0,178.0
2023-11-25,343.0,176.4
2023-11-26,147.0,180.2
2023-11-27,137.0,187.3
2023-11-28,133.0,254.6
2023-11-29,83.0,170.6
2023-11-30,90.0,166.5
2023-12-01,397.0,162.0
2023-12-02,153.0,148.2
2023-12-03,190.0,139.2
2023-12-04,167.0,137.8
2023-12-05,230.0,141.6
2023-12-06,190.0,129.9
2023-12-07,93.0,134.6
2023-12-08,87.0,132.6
2023-12-09,20.0,127.9
2023-12-10,57.0,126.6
2023-12-11,17.0,125.9
2023-12-12,123.0,126.2
2023-12-13,137.0,134.8
2023-12-14,220.0,155.1
2023-12-15,173.0,144.3
2023-12-16,207.0,149.0
2023-12-17,333.0,154.6
2023-12-18,283.0,161.4
2023-12-19,190.0,179.3
2023-12-20,177.0,195.3
2023-12-21,77.0,193.6
2023-12-22,40.0,186.7
2023-12-23,97.0,174.2
2023-12-24,160.0,183.4
2023-12-25,50.0,166.7
2023-12-26,97.0,154.2
2023-12-27,80.0,149.4
2023-12-28,33.0,146.7
2023-12-29,120.0,142.9
2023-12-30,77.0,139.7
2023-12-31,47.0,146.2
2024-01-01,153.0,135.7
2024-01-02,153.0,142.1
2024-01-03,187.0,140.2
2024-01-04,100.0,125.8
2024-01-05,87.0,152.7
2024-01-06,30.0,159.4
2024-01-07,10.0,167.1
2024-01-08,53.0,176.2
2024-01-09,97.0,175.9
2024-01-10,140.0,186.0
2024-01-11,107.0,192.5
2024-01-12,70.0,186.4
2024-01-13,37.0,185.4
2024-01-14,133.0,187.9
2024-01-15,107.0,182.5
2024-01-16,90.0,179.6
2024-01-17,60.0,174.1
2024-01-18,120.0,162.3
2024-01-19,140.0,157.4
2024-01-20,127.0,166.3
2024-01-21,90.0,178.5
2024-01-22,133.0,196.1
2024-01-23,127.0,180.3
2024-01-24,133.0,172.0
2024-01-25,100.0,160.5
2024-01-26,93.0,156.7
2024-01-27,83.0,148.1
2024-01-28,137.0,141.1
2024-01-29,150.0,140.3
2024-01-30,140.0,135.0
2024-01-31,133.0,136.2
2024-02-01,113.0,136.9
2024-02-02,40.0,142.6
2024-02-03,23.0,156.4
2024-02-04,110.0,170.4
2024-02-05,113.0,173.4
2024-02-06,140.0,190.3
2024-02-07,63.0,188.4
2024-02-08,90.0,185.0
2024-02-09,87.0,183.4
2024-02-10,83.0,193.8
2024-02-11,213.0,180.4
2024-02-12,77.0,208.3
2024-02-13,167.0,194.8
2024-02-14,97.0,184.1
2024-02-15,60.0,178.3
2024-02-16,70.0,168.8
2024-02-17,83.0,169.9
2024-02-18,90.0,156.5
2024-02-19,10.0,152.1
2024-02-20,113.0,152.6
2024-02-21,57.0,169.9
2024-02-22,107.0,173.3
2024-02-23,43.0,172.9
2024-02-24,113.0,179.2
2024-02-25,193.0,180.8
2024-02-26,180.0,171.7
2024-02-27,177.0,168.3
2024-02-28,93.0,179.1
2024-02-29,63.0,164.1
2024-03-01,137.0,152.8
2024-03-02,80.0,152.3
2024-03-03,280.0,145.5
2024-03-04,153.0,139.9
2024-03-05,117.0,141.5
2024-03-06,97.0,136.0
2024-03-07,200.0,136.6
2024-03-08,160.0,129.0
2024-03-09,187.0,134.5
2024-03-10,137.0,127.0
2024-03-11,77.0,126.7
2024-03-12,83.0,130.5
2024-03-13,147.0,128.3
2024-03-14,133.0,127.1
2024-03-15,117.0,129.0
2024-03-16,23.0,144.1
2024-03-17,3.0,151.3
2024-03-18,63.0,177.4
2024-03-19,137.0,168.9
2024-03-20,73.0,175.5
2024-03-21,277.0,196.9
2024-03-22,157.0,197.6
2024-03-23,327.0,210.7
2024-03-24,397.0,195.1
2024-03-25,287.0,190.1
2024-03-26,187.0,178.2
2024-03-27,117.0,174.6
2024-03-28,150.0,172.7
2024-03-29,90.0,167.3
2024-03-30,67.0,139.6
2024-03-31,150.0,133.6
2024-04-01,177.0,120.4
2024-04-02,133.0,112.8
2024-04-03,113.0,111.7
2024-04-04,173.0,113.7
2024-04-05,197.0,120.5
2024-04-06,173.0,122.9
2024-04-07,127.0,124.6
2024-04-08,117.0,124.8
2024-04-09,163.0,124.4
2024-04-10,147.0,131.2
2024-04-11,93.0,143.7
2024-04-12,97.0,151.5
2024-04-13,100.0,161.0
2024-04-14,100.0,178.4
2024-04-15,120.0,191.9
2024-04-16,330.0,198.7
2024-04-17,117.0,216.5
2024-04-18,60.0,226.9
2024-04-19,347.0,213.4
2024-04-20,187.0,209.5
2024-04-21,260.0,217.1
2024-04-22,150.0,226.8
2024-04-23,133.0,219.1
2024-04-24,47.0,199.1
2024-04-25,30.0,166.7
2024-04-26,230.0,152.6
2024-04-27,203.0,152.6
2024-04-28,100.0,140.1
2024-04-29,123.0,137.6
2024-04-30,180.0,130.2
2024-05-01,127.0,134.8
2024-05-02,320.0,141.9
2024-05-03,137.0,156.0
2024-05-04,83.0,166.6
2024-05-05,163.0,176.9
2024-05-06,217.0,171.2
2024-05-07,123.0,203.6
2024-05-08,113.0,227.1
2024-05-09,103.0,233.2
2024-05-10,383.0,223.4
2024-05-11,670.0,213.7
2024-05-12,367.0,221.8
2024-05-13,280.0,215.4
2024-05-14,130.0,219.8
2024-05-15,177.0,216.0
2024-05-16,273.0,207.2
2024-05-17,270.0,204.1
2024-05-18,190.0,194.3
2024-05-19,153.0,200.7
2024-05-20,113.0,199.7
2024-05-21,137.0,190.8
2024-05-22,60.0,195.7
2024-05-23,150.0,176.2
2024-05-24,157.0,162.8
2024-05-25,110.0,152.4
2024-05-26,157.0,155.6
2024-05-27,137.0,170.0
2024-05-28,83.0,166.4
2024-05-29,110.0,170.5
2024-05-30,130.0,172.9
2024-05-31,163.0,179.4
2024-06-01,80.0,226.9
2024-06-02,77.0,179.8
2024-06-03,150.0,186.0
2024-06-04,113.0,192.3
2024-06-05,133.0,195.3
2024-06-06,97.0,190.9
2024-06-07,273.0,184.4
2024-06-08,213.0,190.4
2024-06-09,97.0,180.9
2024-06-10,137.0,177.8
2024-06-11,157.0,164.9
2024-06-12,73.0,164.9
2024-06-13,43.0,170.1
2024-06-14,103.0,169.0
2024-06-15,243.0,170.7
2024-06-16,210.0,167.3
2024-06-17,197.0,179.9
2024-06-18,187.0,192.7
2024-06-19,180.0,196.0
2024-06-20,133.0,203.3
2024-06-21,60.0,196.9
2024-06-22,53.0,195.7
2024-06-23,183.0,195.8
2024-06-24,63.0,198.7
2024-06-25,137.0,193.7
2024-06-26,163.0,181.4
2024-06-27,147.0,182.5
2024-06-28,400.0,180.7
2024-06-29,213.0,186.4
2024-06-30,197.0,173.8
2024-07-01,103.0,170.6
2024-07-02,80.0,163.8
2024-07-03,87.0,167.4
2024-07-04,167.0,173.0
2024-07-05,140.0,165.6
2024-07-06,40.0,166.0
2024-07-07,127.0,171.3
2024-07-08,183.0,168.5
2024-07-09,120.0,178.2
2024-07-10,93.0,213.6
2024-07-11,120.0,205.0
2024-07-12,100.0,209.7
2024-07-13,60.0,238.3
2024-07-14,90.0,233.9
2024-07-15,110.0,233.2
2024-07-16,167.0,241.9
2024-07-17,100.0,223.8
2024-07-18,70.0,208.7
2024-07-19,70.0,201.6
2024-07-20,130.0,207.4
2024-07-21,80.0,197.9
2024-07-22,153.0,185.0
2024-07-23,80.0,175.5
2024-07-24,97.0,174.8
2024-07-25,147.0,167.2
2024-07-26,290.0,176.3
2024-07-27,173.0,203.6
2024-07-28,137.0,214.4
2024-07-29,123.0,223.1
2024-07-30,267.0,400.7
2024-07-31,197.0,235.1
2024-08-01,250.0,234.4
2024-08-02,150.0,247.1
2024-08-03,160.0,244.6
2024-08-04,367.0,240.8
2024-08-05,170.0,247.3
2024-08-06,97.0,270.0
2024-08-07,123.0,303.2
2024-08-08,117.0,336.0
2024-08-09,117.0,305.5
2024-08-10,123.0,291.1
2024-08-11,307.0,281.5
2024-08-12,547.0,272.4
2024-08-13,190.0,259.9
2024-08-14,170.0,248.2
2024-08-15,87.0,227.4
2024-08-16,137.0,224.9
2024-08-17,243.0,229.5
2024-08-18,203.0,231.0
2024-08-19,157.0,239.1
2024-08-20,163.0,238.2
2024-08-21,153.0,239.0
2024-08-22,177.0,230.6
2024-08-23,120.0,241.7
2024-08-24,163.0,232.3
2024-08-25,103.0,232.6
2024-08-26,70.0,227.0
2024-08-27,163.0,221.3
2024-08-28,260.0,211.9
2024-08-29,93.0,204.0
2024-08-30,270.0,214.2
2024-08-31,297.0,231.6
2024-09-01,233.0,225.5
2024-09-02,147.0,237.6
2024-09-03,110.0,242.1
2024-09-04,177.0,261.8
2024-09-05,83.0,240.7
2024-09-06,113.0,248.9
2024-09-07,140.0,221.7
2024-09-08,143.0,227.6
2024-09-09,160.0,214.8
2024-09-10,123.0,205.2
2024-09-11,150.0,207.0
2024-09-12,423.0,201.2
2024-09-13,340.0,185.8
2024-09-14,253.0,172.4
2024-09-15,247.0,172.8
2024-09-16,263.0,169.2
2024-09-17,430.0,165.4
2024-09-18,187.0,163.3
2024-09-19,243.0,161.2
2024-09-20,83.0,153.8
2024-09-21,110.0,158.0
2024-09-22,97.0,162.8
2024-09-23,173.0,167.4
2024-09-24,223.0,172.4
2024-09-25,330.0,174.2
2024-09-26,173.0,181.1
2024-09-27,107.0,186.0
2024-09-28,117.0,194.5
2024-09-29,230.0,197.2
2024-09-30,160.0,214.2
2024-10-01,107.0,244.6
2024-10-02,117.0,274.4
2024-10-03,143.0,311.9
2024-10-04,150.0,291.0
2024-10-05,113.0,277.3
2024-10-06,187.0,264.5
2024-10-07,407.0,277.0
2024-10-08,387.0,224.7
2024-10-09,253.0,220.3
2024-10-10,370.0,216.3
2024-10-11,480.0,213.9
2024-10-12,247.0,213.6
2024-10-13,73.0,194.9
2024-10-14,107.0,181.9
2024-10-15,203.0,172.0
2024-10-16,217.0,167.7
2024-10-17,140.0,173.5
2024-10-18,193.0,165.2
2024-10-19,293.0,162.3
2024-10-20,103.0,161.7
2024-10-21,97.0,163.9
2024-10-22,157.0,176.1
2024-10-23,157.0,185.7
2024-10-24,180.0,196.6
2024-10-25,33.0,209.3
2024-10-26,163.0,238.4
2024-10-27,180.0,246.2
2024-10-28,230.0,255.5
2024-10-29,197.0,265.6
2024-10-30,223.0,269.8
2024-10-31,147.0,269.9
2024-11-01,113.0,256.2
2024-11-02,177.0,250.6
2024-11-03,143.0,240.6
2024-11-04,203.0,242.3
2024-11-05,197.0,245.6
2024-11-06,187.0,260.5
2024-11-07,160.0,239.2
2024-11-08,177.0,231.0
2024-11-09,337.0,220.9
2024-11-10,280.0,230.6
2024-11-11,170.0,182.2
2024-11-12,90.0,171.7
2024-11-13,123.0,150.3
2024-11-14,180.0,146.8
2024-11-15,210.0,148.9
2024-11-16,113.0,139.9
2024-11-17,127.0,146.3
2024-11-18,73.0,165.0
2024-11-19,143.0,157.2
2024-11-20,140.0,162.6
2024-11-21,140.0,166.2
2024-11-22,183.0,179.1
2024-11-23,153.0,199.9
2024-11-24,123.0,202.7
2024-11-25,193.0,220.4
2024-11-26,103.0,222.3
2024-11-27,80.0,225.0
2024-11-28,53.0,213.9
2024-11-29,143.0,219.8
2024-11-30,153.0,204.0
2024-12-01,120.0,186.3
2024-12-02,103.0,185.3
2024-12-03,200.0,174.2
2024-12-04,130.0,174.7
2024-12-05,87.0,174.6
2024-12-06,87.0,177.5
2024-12-07,103.0,182.5
2024-12-08,110.0,177.7
2024-12-09,247.0,172.5
2024-12-10,137.0,171.9
2024-12-11,107.0,160.5
2024-12-12,90.0,160.9
2024-12-13,63.0,163.7
2024-12-14,150.0,170.5
2024-12-15,197.0,172.0
2024-12-16,207.0,166.7
2024-12-17,307.0,170.0
2024-12-18,220.0,173.5
2024-12-19,180.0,175.0
2024-12-20,203.0,184.0
2024-12-21,233.0,201.2
2024-12-22,210.0,223.3
2024-12-23,197.0,238.3
2024-12-24,173.0,258.5
2024-12-25,103.0,252.7
2024-12-26,17.0,255.8
2024-12-27,43.0,258.5
2024-12-28,57.0,260.3
2024-12-29,83.0,254.7
2024-12-30,127.0,223.5
2024-12-31,173.0,217.6
2025-01-01,453.0,219.2
2025-01-02,277.0,212.4
2025-01-03,163.0,199.9
2025-01-04,320.0,209.3
2025-01-05,253.0,168.6
2025-01-06,227.0,171.9
2025-01-07,197.0,167.7
2025-01-08,127.0,160.2
2025-01-09,160.0,162.2
2025-01-10,197.0,156.9
2025-01-11,123.0,156.0
2025-01-12,130.0,158.4
2025-01-13,183.0,159.7
2025-01-14,197.0,166.4
2025-01-15,240.0,173.5
2025-01-16,223.0,208.2
2025-01-17,283.0,226.8
2025-01-18,167.0,222.4
2025-01-19,227.0,235.8
2025-01-20,267.0,232.1
2025-01-21,180.0,236.4
2025-01-22,170.0,214.2
2025-01-23,177.0,215.4
2025-01-24,127.0,204.5
2025-01-25,33.0,181.7
2025-01-26,23.0,170.5
2025-01-27,110.0,162.5
2025-01-28,180.0,171.5
2025-01-29,123.0,173.7
2025-01-30,90.0,183.7
2025-01-31,133.0,206.5
2025-02-01,300.0,187.9
2025-02-02,263.0,215.7
2025-02-03,50.0,220.5
2025-02-04,80.0,212.6
2025-02-05,113.0,191.3
2025-02-06,140.0,187.8
2025-02-07,40.0,181.6
2025-02-08,153.0,173.4
2025-02-09,223.0,163.0
2025-02-10,297.0,159.2
2025-02-11,247.0,153.4
2025-02-12,247.0,163.4
2025-02-13,283.0,173.4
2025-02-14,290.0,178.6
2025-02-15,317.0,184.0
2025-02-16,270.0,185.0
2025-02-17,227.0,181.8
2025-02-18,197.0,178.6
2025-02-19,257.0,177.9
2025-02-20,97.0,184.0
2025-02-21,80.0,197.1
2025-02-22,103.0,199.0
2025-02-23,107.0,239.9
2025-02-24,207.0,202.9
2025-02-25,143.0,190.1
2025-02-26,230.0,180.2
2025-02-27,327.0,163.9
2025-02-28,333.0,157.2
2025-03-01,253.0,152.2
2025-03-02,97.0,151.2
2025-03-03,80.0,163.2
2025-03-04,163.0,160.5
2025-03-05,187.0,156.5
2025-03-06,123.0,150.0
2025-03-07,170.0,146.5
2025-03-08,267.0,147.5
2025-03-09,320.0,147.6
2025-03-10,170.0,149.4
2025-03-11,173.0,161.4
2025-03-12,327.0,160.3
2025-03-13,357.0,175.9
2025-03-14,273.0,180.1
2025-03-15,227.0,177.9
2025-03-16,170.0,185.8
2025-03-17,227.0,203.5
2025-03-18,203.0,184.0
2025-03-19,270.0,179.5
2025-03-20,107.0,170.2
2025-03-21,267.0,165.3
2025-03-22,323.0,177.9
2025-03-23,167.0,168.1
2025-03-24,257.0,156.0
2025-03-25,230.0,156.1
2025-03-26,357.0,152.3
2025-03-27,333.0,152.6
2025-03-28,230.0,160.4
2025-03-29,127.0,156.6
2025-03-30,103.0,171.1
2025-03-31,107.0,171.9
2025-04-01,93.0,181.9
2025-04-02,250.0,179.9
2025-04-03,277.0,178.4
2025-04-04,343.0,180.4
2025-04-05,370.0,184.4
2025-04-06,277.0,167.0
2025-04-07,207.0,162.3
2025-04-08,287.0,158.6
2025-04-09,273.0,166.8
2025-04-10,230.0,152.6
2025-04-11,233.0,170.1
2025-04-12,243.0,165.3
2025-04-13,217.0,163.7
2025-04-14,250.0,152.7
2025-04-15,260.0,153.6
2025-04-16,427.0,148.4
2025-04-17,160.0,150.7
2025-04-18,210.0,155.7
2025-04-19,260.0,157.4
2025-04-20,183.0,156.3
2025-04-21,343.0,163.0
2025-04-22,217.0,163.4
2025-04-23,120.0,167.7
2025-04-24,210.0,169.6
2025-04-25,90.0,164.0
2025-04-26,120.0,155.7
2025-04-27,130.0,155.7
2025-04-28,63.0,153.6
2025-04-29,110.0,149.2
2025-04-30,177.0,148.0
2025-05-01,313.0,152.3
2025-05-02,363.0,152.3
2025-05-03,310.0,152.1
2025-05-04,310.0,159.0
2025-05-05,330.0,158.6
2025-05-06,223.0,156.0
2025-05-07,147.0,154.2
2025-05-08,180.0,148.5
2025-05-09,227.0,136.2
2025-05-10,180.0,134.1
2025-05-11,220.0,125.8
2025-05-12,120.0,115.5
2025-05-13,157.0,116.7
2025-05-14,230.0,121.8
2025-05-15,213.0,118.8
2025-05-16,187.0,117.3
2025-05-17,350.0,117.2
2025-05-18,277.0,118.2
2025-05-19,160.0,116.8
2025-05-20,213.0,118.7
2025-05-21,200.0,119.4
2025-05-22,123.0,120.0
2025-05-23,153.0,121.6
2025-05-24,77.0,129.7
2025-05-25,123.0,133.3
2025-05-26,140.0,132.9
2025-05-27,217.0,137.1
2025-05-28,250.0,144.3
2025-05-29,437.0,144.8
2025-05-30,327.0,156.9
2025-05-31,240.0,164.2
2025-06-01,483.0,150.3
2025-06-02,447.0,139.9
2025-06-03,397.0,134.8
2025-06-04,287.0,130.6
2025-06-05,210.0,127.8
2025-06-06,147.0,124.5
2025-06-07,250.0,120.9
2025-06-08,220.0,115.0
2025-06-09,230.0,120.3
2025-06-10,157.0,129.6
2025-06-11,237.0,141.8
2025-06-12,327.0,141.5
2025-06-13,450.0,143.0
2025-06-14,270.0,150.8
2025-06-15,170.0,160.5
2025-06-16,177.0,147.9
2025-06-17,160.0,139.2
2025-06-18,217.0,137.0
2025-06-19,167.0,136.2
2025-06-20,167.0,129.7
2025-06-21,173.0,120.3
2025-06-22,183.0,124.8
2025-06-23,117.0,121.8
2025-06-24,147.0,119.9
2025-06-25,190.0,116.9
2025-06-26,323.0,117.3
2025-06-27,260.0,118.3
2025-06-28,167.0,121.8
2025-06-29,147.0,128.3
2025-06-30,197.0,128.2
2025-07-01,103.0,125.8
2025-07-02,130.0,129.8
2025-07-03,233.0,125.1
2025-07-04,163.0,119.1
2025-07-05,250.0,116.8
2025-07-06,277.0,118.2
2025-07-07,267.0,118.2
2025-07-08,203.0,115.9
2025-07-09,137.0,120.2
2025-07-10,50.0,129.5
2025-07-11,247.0,132.4
2025-07-12,210.0,138.7
2025-07-13,283.0,128.2
2025-07-14,213.0,128.2
2025-07-15,250.0,139.6
2025-07-16,233.0,152.1
2025-07-17,263.0,156.1
2025-07-18,177.0,155.7
2025-07-19,130.0,152.6
2025-07-20,97.0,150.3
2025-07-21,57.0,142.9
2025-07-22,183.0,145.0
2025-07-23,313.0,150.1
2025-07-24,237.0,156.2
2025-07-25,167.0,148.0
2025-07-26,180.0,143.2
2025-07-27,67.0,145.0
2025-07-28,110.0,144.6
2025-07-29,130.0,151.5
2025-07-30,143.0,149.0
2025-07-31,173.0,144.8
2025-08-01,200.0,145.6
2025-08-02,163.0,146.3
2025-08-03,153.0,146.3
2025-08-04,147.0,142.7
2025-08-05,170.0,156.6
2025-08-06,120.0,158.2
2025-08-07,57.0,151.6
2025-08-08,227.0,147.7
2025-08-09,377.0,139.7
2025-08-10,280.0,153.3
2025-08-11,247.0,145.7
2025-08-12,220.0,152.5
2025-08-13,217.0,140.0
2025-08-14,177.0,130.4
2025-08-15,133.0,122.8
2025-08-16,90.0,122.1
2025-08-17,77.0,117.4
2025-08-18,117.0,113.8
2025-08-19,257.0,116.0
2025-08-20,207.0,119.7
2025-08-21,133.0,121.0
2025-08-22,143.0,135.7
2025-08-23,103.0,142.5
2025-08-24,100.0,151.5
2025-08-25,130.0,174.9
2025-08-26,137.0,202.3
2025-08-27,133.0,225.7
2025-08-28,133.0,231.6
2025-08-29,123.0,221.7
2025-08-30,137.0,316.5
2025-08-31,137.0,217.0
2025-09-01,160.0,201.9
2025-09-02,333.0,187.4
2025-09-03,177.0,179.6
2025-09-04,163.0,172.0
2025-09-05,120.0,149.0
2025-09-06,290.0,146.4
2025-09-07,47.0,132.5
2025-09-08,213.0,124.6
2025-09-09,230.0,121.7
2025-09-10,170.0,119.0
2025-09-11,150.0,115.2
2025-09-12,130.0,114.1
2025-09-13,103.0,117.6
2025-09-14,177.0,122.1
2025-09-15,383.0,129.9
2025-09-16,253.0,134.7
2025-09-17,183.0,147.2
2025-09-18,130.0,150.4
2025-09-19,23.0,159.9
2025-09-20,77.0,166.4
2025-09-21,93.0,176.0
2025-09-22,223.0,172.4
2025-09-23,230.0,171.3
2025-09-24,137.0,184.7
2025-09-25,127.0,170.4
2025-09-26,113.0,165.1
2025-09-27,93.0,163.5
2025-09-28,170.0,170.5
2025-09-29,300.0,186.4
2025-09-30,460.0,187.1
2025-10-01,390.0,184.0
2025-10-02,370.0,167.8
2025-10-03,313.0,169.6
2025-10-04,267.0,157.6
2025-10-05,143.0,147.7
2025-10-06,83.0,133.1
2025-10-07,213.0,130.5
2025-10-08,167.0,119.6
2025-10-09,83.0,121.6
2025-10-10,153.0,120.7
2025-10-11,237.0,131.2
2025-10-12,340.0,142.5
2025-10-13,277.0,141.4
2025-10-14,150.0,154.4
2025-10-15,173.0,162.1
2025-10-16,67.0,160.6
2025-10-17,177.0,164.3
2025-10-18,353.0,157.1
2025-10-19,247.0,148.5
2025-10-20,147.0,140.4
2025-10-21,150.0,132.9
2025-10-22,70.0,132.9
2025-10-23,107.0,129.9
2025-10-24,180.0,133.6
2025-10-25,143.0,127.0
2025-10-26,53.0,123.4
2025-10-27,100.0,121.4
2025-10-28,260.0,122.3
2025-10-29,263.0,118.4
2025-10-30,357.0,120.3
2025-10-31,287.0,125.3
2025-11-01,220.0,115.3
2025-11-02,240.0,123.0
2025-11-03,273.0,133.0
2025-11-04,173.0,159.2
2025-11-05,267.0,147.5
2025-11-06,347.0,163.7
2025-11-07,320.0,165.8
2025-11-08,310.0,171.9
2025-11-09,133.0,175.6
2025-11-10,213.0,180.3
2025-11-11,117.0,168.0
2025-11-12,513.0,163.3
2025-11-13,357.0,155.9
2025-11-14,57.0,145.3
2025-11-15,157.0,132.3
2025-11-16,253.0,132.3
2025-11-17,170.0,122.3
2025-11-18,73.0,120.1
2025-11-19,33.0,122.5
2025-11-20,120.0,121.4
2025-11-21,143.0,121.2
2025-11-22,97.0,119.3
2025-11-23,200.0,119.6
2025-11-24,277.0,116.2
2025-11-25,323.0,116.9
2025-11-26,290.0,120.8
2025-11-27,307.0,120.9
2025-11-28,273.0,138.2
2025-11-29,267.0,170.7
2025-11-30,223.0,180.4
2025-12-01,160.0,196.7
2025-12-02,147.0,200.9
2025-12-03,277.0,209.5
2025-12-04,337.0,219.9
2025-12-05,230.0,206.1
2025-12-06,227.0,199.9
2025-12-07,123.0,194.4
2025-12-08,17.0,186.2
2025-12-09,70.0,183.7
2025-12-10,223.0,168.5
2025-12-11,283.0,146.9
2025-12-12,310.0,134.5
2025-12-13,217.0,122.1
2025-12-14,113.0,118.8
2025-12-15,93.0,118.3
2025-12-16,193.0,116.7
2025-12-17,243.0,118.5
2025-12-18,247.0,115.9
2025-12-19,127.0,118.2
2025-12-20,120.0,119.5
2025-12-21,300.0,123.9
2025-12-22,293.0,133.3
2025-12-23,280.0,141.6
2025-12-24,270.0,134.2
2025-12-25,187.0,162.5
2025-12-26,150.0,166.4
2025-12-27,130.0,177.7
2025-12-28,143.0,187.7
2025-12-29,157.0,195.8
2025-12-30,147.0,182.1
2025-12-31,137.0,170.5
2026-01-01,203.0,169.2
2026-01-02,287.0,166.0
2026-01-03,183.0,165.2
2026-01-04,67.0,157.4
2026-01-05,190.0,154.3
2026-01-06,77.0,144.5
2026-01-07,70.0,135.0
2026-01-08,200.0,140.2
2026-01-09,193.0,116.8
2026-01-10,307.0,114.2
2026-01-11,307.0,110.6
2026-01-12,243.0,112.9
2026-01-13,153.0,116.6
2026-01-14,127.0,126.5
2026-01-15,190.0,139.3
2026-01-16,300.0,147.5
2026-01-17,297.0,159.2
2026-01-18,230.0,231.8
2026-01-19,267.0,173.4
2026-01-20,570.0,177.6
2026-01-21,417.0,188.0
2026-01-22,227.0,194.4
2026-01-23,320.0,179.5
2026-01-24,237.0,173.5
2026-01-25,230.0,164.5
2026-01-26,183.0,152.7
2026-01-27,163.0,143.7
2026-01-28,290.0,133.1
2026-01-29,280.0,128.7
2026-01-30,160.0,127.5
2026-01-31,80.0,140.5
2026-02-01,67.0,161.5
2026-02-02,110.0,173.8
2026-02-03,90.0,177.6
2026-02-04,133.0,167.2
2026-02-05,243.0,175.9
2026-02-06,210.0,163.7
2026-02-07,233.0,169.4
2026-02-08,130.0,167.4
2026-02-09,137.0,144.2
2026-02-10,153.0,142.1
2026-02-11,247.0,128.9
2026-02-12,150.0,129.0
2026-02-13,207.0,117.3
2026-02-14,143.0,116.9
2026-02-15,293.0,117.5
2026-02-16,293.0,117.9
2026-02-17,187.0,121.5
2026-02-18,183.0,118.7
2026-02-19,170.0,116.4
2026-02-20,190.0,111.1
2026-02-21,213.0,109.9
2026-02-22,347.0,110.1
2026-02-23,273.0,107.9
2026-02-24,233.0,119.6
2026-02-25,217.0,124.7
2026-02-26,240.0,129.8
2026-02-27,173.0,138.5
2026-02-28,150.0,140.7
2026-03-01,147.0,147.0
2026-03-02,80.0,147.6
2026-03-03,213.0,143.5
2026-03-04,133.0,141.2
2026-03-05,50.0,146.2
2026-03-06,133.0,142.8
2026-03-07,250.0,135.4
2026-03-08,280.0,134.5
2026-03-09,130.0,128.4
2026-03-10,213.0,126.9
2026-03-11,163.0,122.8
2026-03-12,143.0,120.8
2026-03-13,267.0,120.3
2026-03-14,357.0,111.6
2026-03-15,237.0,108.9
2026-03-16,163.0,111.2
2026-03-17,73.0,111.1
2026-03-18,73.0,112.9
2026-03-19,23.0,106.0
2026-03-20,287.0,102.1
2026-03-21,343.0,107.2
2026-03-22,450.0,120.1
2026-03-23,330.0,124.3
2026-03-24,253.0,128.3
2026-03-25,203.0,140.1
2026-03-26,173.0,152.2
2026-03-27,113.0,156.4
2026-03-28,133.0,158.6
2026-03-29,153.0,155.5
2026-03-30,233.0,155.5
2026-03-31,177.0,150.4
2026-04-01,136.0,155.3
2026-04-02,136.0,155.2
2026-04-03,264.0,145.1
2026-04-04,304.0,115.0
2026-04-05,192.0,109.9
2026-04-06,240.0,119.9
2026-04-07,176.0,119.8
2026-04-08,160.0,117.7
2026-04-09,312.0,119.7
2026-04-10,376.0,109.6
2026-04-11,280.0,111.6
2026-04-12,216.0,114.5
2026-04-13,176.0,114.4
2026-04-14,160.0,109.4
2026-04-15,104.0,114.3
2026-04-16,80.0,114.2
2026-04-17,160.0,119.1
2026-04-18,400.0,121.0
2026-04-19,352.0,119.0
2026-04-20,232.0,118.9
2026-04-21,216.0,120.8
2026-04-22,192.0,123.7
2026-04-23,176.0,128.6
2026-04-24,104.0,128.6
2026-04-25,192.0,126.5
2026-04-26,264.0,123.5
2026-04-27,240.0,123.4
2026-04-28,104.0,128.3
2026-04-29,104.0,118.4
2026-04-30,240.0,118.3
2026-05-01,296.0,113.3
2026-05-02,192.0,108.3
2026-05-03,216.0,118.1
2026-05-04,176.0,118.1
2026-05-05,160.0,116.0
2026-05-06,336.0,117.9
2026-05-07,384.0,108.1
2026-05-08,296.0,110.0
2026-05-09,264.0,112.9
2026-05-10,216.0,112.8
2026-05-11,176.0,107.9
